title,type,year
Factors influencing E-financial service bond : the case of internet banking and mobile banking,วิทยานิพนธ์,2551
Developing ERP implementation success factors of Thai SMEs.,วิทยานิพนธ์,2551
การประมูลออนไลน์ (E-auction) กับธุรกิจการส่งออกข้าวของไทย,วิทยานิพนธ์,2551
การศึกษาปัจจัยที่มีผลต่อผู้บริโภคในการเลือกซื้อสินค้าจากร้านค้าปลีกแบบมีร้านค้ากับร้านค้าปลีกทางอินเทอร์เน็ต,งานวิจัย,2551
ปัจจัยสนับสนุนการใช้ระบบประชุมทางไกลผ่านจอภาพในองค์กรให้เกิดประสิทธิผล,งานวิจัย,2551
ปัจจัยที่ส่งผลต่อความสำเร็จในการใช้ระบบงาน Image-enabled Workflow Application กรณีศึกษา : ศูนย์ปฏิบัติการเอกสารสัญญาของ ธนาคารกรุงเทพ จำกัด (มหาชน),งานวิจัย,2551
Determinants of User Acceptance of Wikipedia,งานวิจัย,2551
ปัจจัยที่มีผลต่อการตัดสินใจเลือกใช้บริการที่สาขาธนาคารและธนาคารทางอินเทอร์เน็ต,งานวิจัย,2551
ปัจจัยที่มีอิทธิพลต่อการตัดสินใจของผู้บริโภคในการเปิดรับสื่อโฆษณาออนไลน์ในประเทศไทย,งานวิจัย,2551
การศึกษาปัจจัยความสำเร็จของการนำระบบจัดการความรู้มาใช้เพื่อพัฒนาคุณภาพการบริการของ Call Center สำหรับธุรกิจโทรคมนาคมในประเทศไทย,งานวิจัย,2551
ปัจจัยแห่งความสำเร็จของการตลาดแบบตัวแทนจำหน่าย : กรณีศึกษาประเทศไทย,งานวิจัย,2551
ปัจจัยที่มีอิทธิพลต่อการละเมิดลิขสิทธิ์ซอฟต์แวร์หรือสื่อดิจิตอลในประเทศไทย,งานวิจัย,2551
อิทธิพลของทัศนคติด้านความเป็นส่วนตัวของผู้ใช้งานอินเทอร์เน็ตที่มีความไว้วางใจในเว็บไซต์,งานวิจัย,2551
ปัจจัยที่ส่งผลต่อการตัดสินใจประมูลซื้อสินค้าผ่านเว็บประมูลออนไลน์,งานวิจัย,2551
ปัจจัยที่มีผลต่อความสำเร็จในการขายเพลงออนไลน์ผ่านอินเทอร์เน็ต,งานวิจัย,2551
ปัจจัยที่มีผลต่อการตัดสินใจของผู้ใช้บริการในการต่ออายุการใช้บริการเทคโนโลยีสารสนเทศจากบุคคลภายนอก (IT Outsource) สำหรับกลุ่มผู้ให้บริการทางการเงินในประเทศไทย,งานวิจัย,2551
ปัจจัยที่มีอิทธิพลต่อการยอมรับการใช้บริการด้านการจัดการข้อมูลจราจรคอมพิวเตอร์ (Log Management) จากแหล่งภายนอกของผู้ให้บริการร้านอินเทอร์เน็ตและร้านเกมส์ออนไลน์ในเขตกรุงเทพมหานคร,งานวิจัย,2551
ปัจจัยที่ส่งผลต่อการยอมรับระบบงานบริหารจัดการน้ำสูญเสีย หรือระบบ WLMA กรณีศึกษาการประปานครหลวง,งานวิจัย,2551
Enhancing Customer Loyalty towards Corporate Social Responsibility of Thai Mobile Service Providers,วิทยานิพนธ์,2552
Determining the Online Purchasing Loyalty for Thai Herbal Products,วิทยานิพนธ์,2552
Internet Bandwidth Network Quality Management:The Case of Thai Internet Service Provider,วิทยานิพนธ์,2552
Knowledge Acquisition elicited specialists,งานวิจัย,2552
ปัจจัยที่มีอิทธิพลต่อการยอมรับและใช้บริการโมบายแบงค์กิ้ง,งานวิจัย,2552
IT Outsourcing,งานวิจัย,2552
ปัจจัยที่ส่งผลต่อทัศนคติในการใช้อินเตอร์เน็ตแบงก์กิ้ง : อิทธิพลของบุคลิกลักษณะที่ส่งผลต่อความใว้ใจ,งานวิจัย,2552
Enhancing high quality information from data warehouse,งานวิจัย,2552
ปัจจัยที่ส่งผลต่อความสำเร็จในการเผยแผ่พระพุทธศาสนาผ่านเว็บไซต์,งานวิจัย,2552
An Empirical Framework of Key Success Factors for Software Process Improvement,งานวิจัย,2552
The Success of Data mining system in Thailand private sectors: Case study Telecommunication and Bank Business in Bangkok,งานวิจัย,2552
Factors affecting software quality : Software developemnt company,งานวิจัย,2552
ตลาดข้อมูลเพื่อการวิเคราห์ทางด้านการขายและการตลาดสำหรับธุรกิจผลิดและจำหน่ายพลาสติก,งานวิจัย,2552
ปัจจัยที่มีผลต่อความสำเร็จของระบบจัดการความรู้ในอุตสาหกรรมธนาคาร,งานวิจัย,2552
การพัฒนาตราสินค้าอิเล็กทรอนิกส์เพื่อความสำเร็จของพาณิชย์อิเล็กทรอนิกส์ กรณีศึกษา: พาณิชย์อิเล็กทรอนิกส์ของประเทศไทย,งานวิจัย,2552
ปัจจัยในการประสบความสำเร็จในมุมมองของลูกค้ากับการใช้งานระบบบริหารจัดการความสัมพันธ์ลูกค้าผ่านทางโทรศัพท์มือถือ,งานวิจัย,2552
การลงทุนด้านเทคโนโลยีสารสนเทศให้เกิดประสิทธิภาพของหน่วยงานอิสระในประเทศไทย,งานวิจัย,2552
ปัจจัยที่ส่งผลต่อความสำเร็จของการใช้ IT Outsourcing,งานวิจัย,2552
องค์ประกอบสำคัญที่ส่งผลต่อความภักดีในตราสินค้าของผู้บริโภค จากการมีส่วนร่วมในชุมชนตราสินค้าออนไลน์,งานวิจัย,2552
e-Excise Tax Success Model,งานวิจัย,2552
การยอมรับ Open source software: มุมมองของบุคคลทั่วไป,งานวิจัย,2552
การยอมรับในการนำกระดาษทำการอิเล็กทรอนิกส์มาใช้ในกระบวนการตรวจสอบบัญชีด้วยหลักการบริหารการเปลี่ยนแปลง,งานวิจัย,2552
ตลาดข้อมูลเพื่อการวิเคราห์ทางด้านการขายและการตลาดสำหรับธุรกิจผลิดและจำหน่ายพลาสติก,งานพัฒนา/จัดหาระบบสารสนเทศ,2552
แผนระบบสารสนเทศเชิงกลยุทธ์โรงเรียนอุปถัมภ์วิทยาพนม,งานแผนกลยุทธ์ดิจิทัล,2552
แผนระบบสารสนเทศเชิงกลยุทธ์ กรณีศึกษา ตลาดหลักทรัพย์แห่งประเทศไทย,งานแผนกลยุทธ์ดิจิทัล,2552
แผนระบบสารสนเทศเชิงกลยุทธ์ กรณีศึกษา บริษัท ดอยคำผลิตภัณฑ์อาหาร จำกัด,งานแผนกลยุทธ์ดิจิทัล,2552
แผนระบบสารสนเทศเชิงกลยุทธ์ บริษัท ไทยกลอบอลโฮสติ้ง จากัด,งานแผนกลยุทธ์ดิจิทัล,2552
การพัฒนาแผนกลยุทธ์ทางด้านสารสนเทศ บริษัท เวชภัณฑ์ยาเพื่อสุขภาพ (ประเทศไทย) จำกัด,งานแผนกลยุทธ์ดิจิทัล,2552
แผนระบบสารสนเทศเชิงกลยุทธ์ กรณีศึกษา บริษัท โรงเส้นหมี่ชอเฮง จำกัด,งานแผนกลยุทธ์ดิจิทัล,2552
แผนระบบสารสนเทศเชิงกลยุทธ์ กรณีศึกษา บริษัท แมพพาช (ประเทศไทย) จำกัด,งานแผนกลยุทธ์ดิจิทัล,2552
แผนระบบสารสนเทศเชิงกลยุทธ์ บริษัท ไทยพาณิชย์สามัคคีประกันภัย จำกัด (มหาชน),งานแผนกลยุทธ์ดิจิทัล,2552
แผนระบบสารสนเทศเชิงกลยุทธ์หน่วยงานปฏิบัติการข้อมูลลูกค้า ธนาคารสยามทรัพย์สิน จำกัด (มหาชน),งานแผนกลยุทธ์ดิจิทัล,2552
การจัดทำแผนกลยุทธ์เทคโนโลยีสารสนเทศของสำนักปฏิบัติการทางเครือข่ายทั่วประเทศ บริษัท แอดวานซ์ อินโฟร์ เซอร์วิส จำกัด (มหาชน),งานแผนกลยุทธ์ดิจิทัล,2552
แผนกลยุทธ์ทางด้าน IS ของบริษัท ตากสิน แมชชีน เซลส์ แอนด์ เซอร์วิส จำกัด,งานแผนกลยุทธ์ดิจิทัล,2552
แผนกลยุทธ์ทางด้าน IS ของบริษัท ตากสิน แมชชีน เซลส์ แอนด์ เซอร์วิส จำกัด,งานแผนกลยุทธ์ดิจิทัล,2552
แผนกลยุทธ์ด้าน IS บริษัท วาโก้ จำกัด (มหาชน),งานแผนกลยุทธ์ดิจิทัล,2552
Social network management through knowledge sharing to enhance customer relationship,วิทยานิพนธ์,2553
ปัจจัยที่มีผลต่อความสำเร็จของบริการฐานข้อมูลออนไลน์ในห้องสมุดสถาบันอุดมศึกษาไทย,งานวิจัย,2553
การสร้างความเชื่อมั่นในประสิทธิภาพของตนเองในการปฏิบัติงานของผู้ตรวจสอบภายในทางด้านเทคโนโลยีสารสนเทศ กรณีศึกษาบริษัทในกลุ่มธุรกิจทางด้านการเกษตรและกลุ่มธุรกิจเทคโนโลยีสารสนเทศและการสื่อสาร,งานวิจัย,2553
การศึกษาปัจจัยการยอมรับการใช้บริการชำระสินค้าหรือบริการผ่านมือถือ,งานวิจัย,2553
ความสัมพันธ์ของประเภทเทคโนโลยีสารสนเทศต่อการบูรณาการด้านการจัดการซัพพลายเชนที่ส่งผลต่อประสิทธิภาพการจัดส่ง,งานวิจัย,2553
ปัจจัยการเกิดความคิดสร้างสรรค์ในบริบทของการจัดการความรู้ : กรณีศึกษากลุ่มบริษัทปิโตรเลียมขนาดใหญ่ของไทย,งานวิจัย,2553
Enhancing performance of baby boomers’ information systems use,งานวิจัย,2553
Factors affecting purchase intention of goods or services advertised through social network communities,งานวิจัย,2553
ตัวขับและผลสืบเนื่องของการเสพติดโปรแกรมประยุกต์บนโทรศัพท์เคลื่อนที่,งานวิจัย,2553
Success factors in implementation of ITIL in IT service organizations,งานวิจัย,2553
ปัจจัยหลักแห่งความสำเร็จในการใช้เครือข่ายสังคมสร้างชุมชนออนไลน์ในมหาวิทยาลัยกรณีศึกษา โครงการปริญญาตรี และปริญญาโทภาคพิเศษ คณะพาณิชยศาสตร์และการบัญชี มหาวิทยาลัยธรรมศาสตร์,งานวิจัย,2553
การสร้างความคิดใหม่ในการใช้ระบบสนับสนุนการจัดการที่มีอยู่ในองค์กรรัฐวิสาหกิจไทย,งานวิจัย,2553
ปัจจัยที่มีอิทธิพลต่อการยอมรับใช้งานระบบการชำระเงินผ่านโทรศัพท์เคลื่อนที่สำหรับผู้ใช้บริการในกรุงเทพมหานครและปริมลฑล,งานวิจัย,2553
พัฒนาระบบสารสนเทศ ระบบรับเหมาพัฒนาเว็บไซต์ บริษัท เกลอเน็ต จำกัด,งานพัฒนา/จัดหาระบบสารสนเทศ,2553
แผนระบบสารสนเทศเชิงกลยุทธ์ กรณีศึกษา บริษัท ผลิตภัณฑ์อาหารกว้างไพศาล จำกัด (มหาชน),งานแผนกลยุทธ์ดิจิทัล,2553
แผนระบบสารสนเทศเชิงกลยุทธ์ของ บริษัท ต้นข้าว จำกัด,งานแผนกลยุทธ์ดิจิทัล,2553
แผนระบบสารสนเทศเชิงกลยุทธ์ กรณีศึกษา บริษัท อเมริกัน อินเตอร์แนชชั่นแนล แอสชัวรันส์ จำกัด,งานแผนกลยุทธ์ดิจิทัล,2553
แผนระบบสารสนเทศเชิงกลยุทธ์ กรณีศึกษา บริษัท พี.ซี. แคบินส์ จำกดั,งานแผนกลยุทธ์ดิจิทัล,2553
แผนระบบสารสนเทศเชิงกลยุทธ์ บริษัท เอบีซี แมเนจเม้นท์ จำกัด,งานแผนกลยุทธ์ดิจิทัล,2553
แผนระบบสารสนเทศเชิงกลยุทธ์ กรณีศึกษา บริษัท อโกร เคมีคอล จำกัด,งานแผนกลยุทธ์ดิจิทัล,2553
แผนกลยุทธ์ทางด้านระบบสารสนเทศของ บริษัท ไพโอเนีย อินดัสเตรียล ครีเอทีฟ จำกัด,งานแผนกลยุทธ์ดิจิทัล,2553
แผนระบบสารสนเทศเชิงกลยุทธ์ กรณีศึกษา บริษัท ฟาร์มกุ้งไทย จำกัด,งานแผนกลยุทธ์ดิจิทัล,2553
แผนระบบสารสนเทศเชิงกลยุทธ์ กรณีศึกษา บริษัท ยูบิลลี่ เอ็นเตอร์ไพรส์ จำกัด,งานแผนกลยุทธ์ดิจิทัล,2553
แผนระบบสารสนเทศเชิงกลยุทธ์ กรณีศึกษา บริษัท พงศ์พารา โพลิเมอร์ จำกัด,งานแผนกลยุทธ์ดิจิทัล,2553
แผนระบบสารสนเทศเชิงกลยุทธ์ กรณีศึกษา บริษัท เอเอเอ กรดซิตริก จำกัด,งานแผนกลยุทธ์ดิจิทัล,2553
แผนระบบสารสนเทศเชิงกลยุทธ์ร้านวัสดุก่อสร้าง บริษัท แมนสุขภัณฑ์ (1999) จำกัด,งานแผนกลยุทธ์ดิจิทัล,2553
แผนระบบสารสนเทศเชิงกลยุทธ์ กรณีศึกษา บริษัท เอ็นแอล ดีเวลลอปเมนต์ จำกัด (มหาชน),งานแผนกลยุทธ์ดิจิทัล,2553
แผนระบบสารสนเทศเชิงกลยุทธ์ กรณีศึกษา บริษัทเด็มโก้ จำกัด (มหาชน),งานแผนกลยุทธ์ดิจิทัล,2553
แผนระบบสารสนเทศเชิงกลยุทธ์ กรณีศึกษา บริษัท เว็ลธ์ แมเนจเม้นท์ ซิสเท็ม จำกัด,งานแผนกลยุทธ์ดิจิทัล,2553
แผนระบบสารสนเทศเชิงกลยุทธ์ กรณีศึกษา บริษัท ยูนิคอม เอ็นจิเนียริ่ง จำกัด,งานแผนกลยุทธ์ดิจิทัล,2553
การวางแผนกลยุทธ์ทางด้าน IT ให้กับบริษัทผลิตเครื่องจักรกลและระบบควบคุมอัตโนมัติในโรงงานอุตสาหกรรม,งานแผนกลยุทธ์ดิจิทัล,2553
แผนกลยุทธ์ทางด้านระบบสารสนเทศของ บริษัท แพรคติก้า จำกัด,งานแผนกลยุทธ์ดิจิทัล,2553
แผนระบบสารสนเทศเชิงกลยุทธ์ กรณีศึกษา บริษัท ลีโอ โกลบอล โลจิสติกส์ จำกัดแผนกลยุทธ์ทางด้านระบบสารสนเทศของ บริษัท แพรคติก้า จำกัด,งานแผนกลยุทธ์ดิจิทัล,2553
Factors affecting Acceptance of SMS Mobile Marketing,วิทยานิพนธ์,2554
 Enhancing trust through IT risk management to achieve e-government success,วิทยานิพนธ์,2554
Stage Assessment of Thai e-Government Websites,วิทยานิพนธ์,2554
The mediating effect of self-service technology quality on the relationship between technology readiness and e-satisfaction,วิทยานิพนธ์,2554
"Data warehouse implementation success factors and Impact of Leadership, Personality on relationship between success and factors",วิทยานิพนธ์,2554
Factors that affect of information system used in immigration The case of Thai Immigration Bureau,งานวิจัย,2554
Study of Adoption toward using open source software,งานวิจัย,2554
Crowdsourcing for Organizational Problem Solving,งานวิจัย,2554
The Impact of Perceived Process Tecnology Fit on Loan Origination Process Performance,งานวิจัย,2554
The Development of Tacit Knowledge Sharing Behavior in organizations,งานวิจัย,2554
The Development of Tacit Knowledge Sharing Behavior in organizations,งานวิจัย,2554
Factors affecting the behavioral intention to use Location-Based Services (LBS) in Bangkok Metropolitan Area.,งานวิจัย,2554
The Intention to Apply for Jobs via Job Search websites,งานวิจัย,2554
Preferences of Working-Age Consumers to Facebook Application-Based Marketing Campaigns,งานวิจัย,2554
Innovate WLMA Behavior,งานวิจัย,2554
Matching Training Methods and IT Skills,งานวิจัย,2554
Guideline of Promoting Awareness to Fulfilling Internal Controls and Information Technology Security Regulation: Case study research of Thai Cooperative,งานวิจัย,2554
Intention to adopt enterprise resource planning on cloud computing technology,งานวิจัย,2554
Intention to Comply with Green IT Policies in Organization: An Employee Perspective,งานวิจัย,2554
Key Success Factors for Green IT Adoption in Organization,งานวิจัย,2554
Task-Technology fit and the relationship with Intention to use Mobile Banking,งานวิจัย,2554
The Approach to Guideline of Mobile Payment by Using Near Filed Communication Technology,งานวิจัย,2554
Factors Effecting IT Investment Decision-Making of Thai Commercial Banks: Decision-Making on an E-Payment System for Thailand National Single Window,งานวิจัย,2554
Critical Success Factors for Implementing Hospital Information Systems,งานวิจัย,2554
ระบบงานขายสินค้าออนไลน์และระบบจัดเก็บสินค้าร้านขายส่งรองเท้า,งานพัฒนา/จัดหาระบบสารสนเทศ,2554
Information system J-Park for Carpark,งานพัฒนา/จัดหาระบบสารสนเทศ,2554
ระบบบันทึกงานตรวจสอบคุณภาพ แผนกประกันคุณภาพ บริษัท โปรเฟล็กซี่ – แพ็ค จำกัด,งานพัฒนา/จัดหาระบบสารสนเทศ,2554
ระบบพาณิชย์อิเล็กทรอนิกส์ของโรงงานขายเชือกเทคเทกซ์ คอร์ด,งานพัฒนา/จัดหาระบบสารสนเทศ,2554
Software Asset Management System บมจ. ไทยพาณิชย์ประกันชีวิต จำกัด (มหาชน),งานพัฒนา/จัดหาระบบสารสนเทศ,2554
ระบบ User Requirement Tracking System,งานพัฒนา/จัดหาระบบสารสนเทศ,2554
IT Kiatnakin Bank’s Knowledge Management System,งานพัฒนา/จัดหาระบบสารสนเทศ,2554
Book and Instructional Medias Requirement Management System for Free Learning Project,งานพัฒนา/จัดหาระบบสารสนเทศ,2554
Signboard Production Management System: Website,งานพัฒนา/จัดหาระบบสารสนเทศ,2554
ระบบสารสนเทศบนโทรศัพท์มือถือ (iTUMIS) สาหรับเผยแพร่ข่าวสารประชาสัมพันธ์ ข้อมูลการติดต่อและข้อมูลการเรียนการสอนสำหรับนักศึกษาโครงการ MSMIS มหาวิทยาลัยธรรมศาสตร์,งานพัฒนา/จัดหาระบบสารสนเทศ,2554
"ระบบสนับสนุนการขาย (Sales Support System)
บริษัท แมนด้อม อินเตอร์เทรด จำกัด",งานพัฒนา/จัดหาระบบสารสนเทศ,2554
"โครงการพัฒนาเครือข่ายสังคมเพื่อการแลกเปลี่ยนความรู้
(The social networking site for knowledge sharing): ma2post.com",งานพัฒนา/จัดหาระบบสารสนเทศ,2554
ระบบจัดการข้อมูลลูกค้าและการชำระเงิน บริษัทพันทิปมาร์เก็ต,งานพัฒนา/จัดหาระบบสารสนเทศ,2554
แผนระบบสารสนเทศเชิงกลยุทธ์ กรณีศึกษา บริษัท เนเชอร์แคร์ จำกัด,งานแผนกลยุทธ์ดิจิทัล,2554
แผนกลยุทธ์ทางด้าน IS ศูนย์การแพทย์โรงพยาบาลกรุงเทพ,งานแผนกลยุทธ์ดิจิทัล,2554
แผนพัฒนากลยุทธ์ระบบสารสนเทศของ บริษัท ฟาม่าดรัก แอนด์ เฮลท์แคร์ จำกัด,งานแผนกลยุทธ์ดิจิทัล,2554
แผนพัฒนากลยุทธ์ระบบสารสนเทศ ฝ่ายบริหารงานสารสนเทศ สำนักงานจัดการอสังหาริมทรัพย์,งานแผนกลยุทธ์ดิจิทัล,2554
แผนระบบสารสนเทศเชิงกลยุทธ์ กระณีศึกษา บริษัท โปรเฟล็กซี่ – แพ็ค จำกัด,งานแผนกลยุทธ์ดิจิทัล,2554
แผนกลยุทธ์ระบบสารสนเทศของบริษัท ซี.เอ็ม.พี. โปรดักส์ จำกัด,งานแผนกลยุทธ์ดิจิทัล,2554
แผนกลยุทธ์ทางระบบสารสนเทศ โครงการพัฒนาดอยตุง (พื้นที่ทรงงาน) อันเนื่องมาจากพระราชดำริ สำหรับ กลุ่มธุรกิจท่องเที่ยว,งานแผนกลยุทธ์ดิจิทัล,2554
แผนระบบสารสนเทศเชิงกลยุทธ์: กรณีศึกษา บริษัท ทีดับบลิว ไทยแลนด์ จำกัด,งานแผนกลยุทธ์ดิจิทัล,2554
แผนพัฒนากลยุทธ์ระบบสารสนเทศ ศูนย์เทคโนโลยีสารสนเทศและการสื่อสาร สำนักปลัดกระทรวงสาธารณสุข ปี พ.ศ. 2557-2559,งานแผนกลยุทธ์ดิจิทัล,2554
แผนกลยุทธ์ระบบสารสนเทศสำหรับธุรกิจ IT,งานแผนกลยุทธ์ดิจิทัล,2554
แผนระบบสารสนเทศเชิงกลยุทธ์ กรณีศึกษา ธนาคารซีโอที จำกัด (มหาชน),งานแผนกลยุทธ์ดิจิทัล,2554
แผนกลยุทธ์ทางระบบสารสนเทศ บริษัท เฟล็กซ์โซ กราฟฟิก จำกัด,งานแผนกลยุทธ์ดิจิทัล,2554
โครงการวางแผนพัฒนากลยุทธ์สารสนเทศ บริษัท อินเตอร์คอต จำกัด,งานแผนกลยุทธ์ดิจิทัล,2554
แผนระบบสารสนเทศเชิงกลยุทธ์ กรณีศึกษา บริษัท ทีซี จำกัด (มหาชน),งานแผนกลยุทธ์ดิจิทัล,2554
แผนพัฒนากลยุทธ์ระบบสารสนเทศสำหรับธุรกิจ IT,งานแผนกลยุทธ์ดิจิทัล,2554
แผนระบบสารสนเทศเชิงกลยุทธ์ กรณีศึกษา บริษัทเจที (ประเทศไทย) จำกัด,งานแผนกลยุทธ์ดิจิทัล,2554
แผนกลยุทธ์ระบบสารสนเทศ กรณีศึกษา บริษัท ทีเจเจ แอดวานซ์ อินเตอร์แพค จำกัด,งานแผนกลยุทธ์ดิจิทัล,2554
แผนพัฒนากลยุทธ์ระบบสารสนเทศ บริษัท เอส ไอ เอ็นจิเนียริ่ง จำกัด,งานแผนกลยุทธ์ดิจิทัล,2554
Factors Influencing Consumer’s Intention to Use Mobile Payment,วิทยานิพนธ์,2555
"Achieving time-based operational performance through supply chain integration, knowledge management, and information technology",วิทยานิพนธ์,2555
Factors affecting Intention to use E-book in Thailand,วิทยานิพนธ์,2555
The influence of electronic medical record system on individual performance through system utilization,วิทยานิพนธ์,2555
Factors affecting the intention to book through the hotel website,งานวิจัย,2555
The Effect of Level of Information Disclosure on Facebook,งานวิจัย,2555
"Survey the factors that risk of security threats, security information systems in organizations",งานวิจัย,2555
Influence factors on intention to buy legally mobile application in Bangkok Thailand,งานวิจัย,2555
Factors affecting Purchase Intention on Instagram,งานวิจัย,2555
Influence of facebook’s campaignthrough people’s intention to vote,งานวิจัย,2555
Barriers factors of E-learning in Organization,งานวิจัย,2555
User-generated content effect on purchase intention in mobile application market,งานวิจัย,2555
Government cloud adoption of government agencies. Case Study: Saraban Electronic,งานวิจัย,2555
ปัจจัยที่มีผลต่อการโทรซ้ำ (Repeating Call) ในการใช้บริการระบบตอบรับโทรศัพท์อัตโนมัติ กรณีศึกษาลูกค้า บริษัท แอดวาน อินโฟร์ เซอร์วิส จำกัด (มหาชน),งานวิจัย,2555
Successful implementation of ERP projects : evidence from manufacturing case studies in Thailand,งานวิจัย,2555
Factor and consequence of tablet addiction,งานวิจัย,2555
Factors that influence knowledge sharing within Krung Thai Bank Public Company Limited,งานวิจัย,2555
Internet Banking and Life Style of Bankok Bank’s Customer,งานวิจัย,2555
Meeting Management System,งานพัฒนา/จัดหาระบบสารสนเทศ,2555
Sale Support and Inventory Management System,งานพัฒนา/จัดหาระบบสารสนเทศ,2555
โปรแกรมจำลองสถานการณ์ทางการตลาด,งานพัฒนา/จัดหาระบบสารสนเทศ,2555
ระบบโซเชียลเน็ตเวิร์คสำหรับคนรักสัตว์เลี้ยง,งานพัฒนา/จัดหาระบบสารสนเทศ,2555
ระบบประเมินความเสี่ยงและประเมินระดับวุฒิภาวะขององค์กร,งานพัฒนา/จัดหาระบบสารสนเทศ,2555
Reservation System of Sainam Valley,งานพัฒนา/จัดหาระบบสารสนเทศ,2555
Production Visual Control System,งานพัฒนา/จัดหาระบบสารสนเทศ,2555
ระบบขายสินค้าและคำนวณต้นทุนในการผลิตเครื่องเล่นสนามกลางแจ้ง,งานพัฒนา/จัดหาระบบสารสนเทศ,2555
ระบบจัดซื้อและบริหารของคงคลัง บริษัท เดอะควอลิตี้ไวร์ จำกัด,งานพัฒนา/จัดหาระบบสารสนเทศ,2555
แผนกลยุทธ์ระบบสารสนเทศ กรณีศึกษา บริษัท บริหารสินทรัพย์กรุงเทพพาณิชย์ จำกัด,งานแผนกลยุทธ์ดิจิทัล,2555
แผนพัฒนากลยุทธ์ทางระบบสารสนเทศ กรณีศึกษา บริษัท เอ็นเวลอพ แอนด์ พริ้นติ้ง จำกัด,งานแผนกลยุทธ์ดิจิทัล,2555
แผนพัฒนากลยุทธ์ระบบสารสนเทศ กรณีศึกษา บริษัท ซี เอ็ม อินเตอร์เนชั่นแนล จำกัด,งานแผนกลยุทธ์ดิจิทัล,2555
แผนกลยุทธ์ระบบสารสนเทศ บริษัท เฮช เอนเตอร์ไพรส์ จำกัด,งานแผนกลยุทธ์ดิจิทัล,2555
แผนกลยุทธ์ระบบสารสนเทศ กรณีศึกษา บริษัท เค บิซ จำกัด,งานแผนกลยุทธ์ดิจิทัล,2555
USING MULTIMEDIA TO REDUCE INFORMATION OVERLOAD ON CONSUMER IN THE ONLINE SHOPPING ENVIRONMENT,วิทยานิพนธ์,2556
CREATING SELF-EFFICACY VIA APPLICATION ON M-LEARNING: UNDERGRADUATE STUDENTS PERSPECTIVE,วิทยานิพนธ์,2556
NATIONAL SINGLE WINDOW (NSW) ASSIMILATION INDICATORS OF THE ENTERPRISES IN THAILAND,วิทยานิพนธ์,2556
THE DEVELOPMENT OF NFC ECOSYSTEM READINESS INDEXES FOR MOBILE PAYMENT IN THAILAND AND FACTORS AFFECTING THE INDEXES,วิทยานิพนธ์,2556
SOCIAL MEDIA AND IMPROVEMENT IN ELDERLY QUALITY OF LIFE IN THAILAND,วิทยานิพนธ์,2556
"CRITICAL SUCCESS FACTORS SUCCESS FACTORS AND PROCESSES OF TELEMEDICINE IMPLEMENTATION AND CONTINUOUS USE A CASE STUDY OF LOMSAK HEALTH SERVICE NETWORK LOMSAK DISTRICT, PETCHABUN THAILAND",วิทยานิพนธ์,2556
BARRIERS AND PREVENTIONS FOR THE DEVELOPMENT E-GOVERNMENT SERVICES – A CASE STUDY OF SMART CITIZEN INFO IMPLEMENTATION,วิทยานิพนธ์,2556
EFFECTS OF TECHNOLOGY READINESS AND TRUST IN  E-TAX FILING ON INTENTION TO USE IN E-TAX FILING,วิทยานิพนธ์,2556
FACTORS AFFECTING INTENTION TO REUSE MUTUAL FUNDS SELLING AGENT WEBSITE,งานวิจัย,2556
"SUBJECTIVE NORMS, HEDONIC MOTIVATION AND SATISFACTION WITH GAMIFICATION AFFECTING THE CREATION OF BRAND ENGAGEMENT",งานวิจัย,2556
AN INVESTIGATION OF INFORMATION SECURITY SYSTEM LEVEL IN THE ENTERPRISES IN BANGKOK AND SUBURBAN AREA,งานวิจัย,2556
BRAND POSITIONING STRATEGY USING SEARCH ENGINE MARKETING,งานวิจัย,2556
THE FAILURE IN MICROPAYMENT INITIATIVE: A CASE OF KRUNGSRI QUICK PAY,งานวิจัย,2556
FACTORS AND EFFECTS OF FACEBOOK ADDICTION ON EMPLOYEES,งานวิจัย,2556
FACTORS AFFECTING CITIZEN INTENTION TO USE SMART CITIZEN INFO,งานวิจัย,2556
AN ANALYSIS AND COMPARISON OF ACCORDANCE BETWEEN THE ICT POLICY IN ASEAN COUNTRIES AND ASEAN ICT,งานวิจัย,2556
FACTORS AFFECTING THE INTENTION TO FORMULATE SOCIAL MEDIA POLICY IN ORGANIZATION,งานวิจัย,2556
FACTORS IMPACT ON SUCCESSFUL IMPLEMENTATION OF AUDIT SUPPORT SYSTEM IN BIG 4 AUDIT FIRMS IN THAILAND,งานวิจัย,2556
THE IMPACT OF TRANSACTIVE MEMORY SYSTEM ON KNOWLEDGE SHARING AND KNOWLEDGE APPLICATION TO INFORMATION SYSTEM DEVELOPMENT TEAM EFFICIENCY PERFORMANCE,งานวิจัย,2556
THE FACTORS AFFECTING PIRACY BEHAVIOR OF DIGITAL ENTERTAINMENT GOODS,งานวิจัย,2556
THE EFFECT OF USER TRAINING IN CUSTOMER RELATIONSHIP MANAGEMENT SYSTEM ON CUSTOMER SERVICE QUALITY,งานวิจัย,2556
COMPARISON OF ACCEPTANCE AND USE OF TECHNOLOGY AMONG INTERNAL USER: CASE STUDY OF STATE ENTERPRISE BY USING IT GOVERNANCE AS A STANDARD FOR COMPARISON,งานวิจัย,2556
A STUDY OF FACTORS INFLUENCING THE ADOPTION OF GREEN IT,งานวิจัย,2556
FACTORS INFLUENCING THE USE OF KNOWLEDGE MANAGEMENT SYSTEMS OF ELECTRICITY AUTHORITY GENERATING OF THAILAND BANGKRUAI.,งานวิจัย,2556
FACTORS INFLUENCING THE PURCHASE OF NOVEL DIGITAL BOOK,งานวิจัย,2556
CASE STUDY IN USING RESOURCE-BASED VIEW ON FIRM CORE COMPETENCIES: TOP EXECUTIVE PERCEPTION,งานวิจัย,2556
THE IMPACT OF HEALTH WEBSITE QUALITY ON TRUST AND INTENTION TO USE: AN EMPIRICAL STUDY IN THE THAI CONTEXT,งานวิจัย,2556
FACTORS AFFECTING THE DECISION TO USE HOME TELECARE OF PATIENTS IN GOVERNMEMT HOSPITALS,งานวิจัย,2556
THE FACTORS THAT AFFECT REPURCHASE INTENTIONS OF CONSUMERS SHOPPING ON THE INTERNET,งานวิจัย,2556
INFLUENCE OF TECHNOLOGY READINESS AND THE QUALITY OF THE SERVICE KIOSK SYSTEM TOWARDS CUSTOMER SATISFACTION AND LOYALTY WITH THE SERVICES OF AIS,งานวิจัย,2556
MANAGEMENT TRAINING SYSTEM (MTS),งานพัฒนา/จัดหาระบบสารสนเทศ,2556
QA BILLING SYSTEM,งานพัฒนา/จัดหาระบบสารสนเทศ,2556
OA SPOT SYSTEM,งานพัฒนา/จัดหาระบบสารสนเทศ,2556
MOBILE MALL FOR PRE-ORDER BUSINESS SYSTEM,งานพัฒนา/จัดหาระบบสารสนเทศ,2556
แผนพัฒนากลยุทธ์ระบบสารสนเทศกลุ่มบริษัท คอมพิวเตอร์ จำกัด,งานแผนกลยุทธ์ดิจิทัล,2556
แผนกลยุทธ์ระบบสารสนเทศ บริษัท ผลิตภัณฑ์วิศวไทย จำกัด,งานแผนกลยุทธ์ดิจิทัล,2556
แผนกลยุทธ์ระบบสารสนเทศ โรงพยาบาลธรรมศาสตร์เฉลิมพระเกียรติ,งานแผนกลยุทธ์ดิจิทัล,2556
USING DEMATEL METHOD TO IDENTIFY THE KEY FACTORS OF SERVICE QUALITY IN GOVERNMENT SOFTWARE AS A SERVICE ON CLOUD COMPUTING PROVIDE GOVERNMENT SECTORS IN THAILAND : A CASE STUDY OF SARABAN AS A SERVICE,วิทยานิพนธ์,2557
FACTORS THAT AFFECT INTENTION TO PURCHASE OF CUSTOMER AND THE ROLE OF TRUST AS A MODERATOR IN E-MARKETPLACE,วิทยานิพนธ์,2557
A Study of Agriculturist’s Technology Readiness effecting to Behavioral Intention to Communicate by Social Media: Focusing on Line application,วิทยานิพนธ์,2557
EFFECT OF SOCIAL PRESENCE ON INTENTION TO PURCHASE IN SOCIAL NETWORK ENVIRONMENT,วิทยานิพนธ์,2557
The Influence of transformational leadership toward user satisfactions of transition system,วิทยานิพนธ์,2557
THE IMPACT OF ELECTRONIC SERVICE QUALITY ON TRUST AND INTENTION TO USE OF TAILER WEBSITE IN THAILAND,งานวิจัย,2557
"CRITICAL SUCCESS FACTORS FOR SUSTAINABLE ORGANIZATION’S ITIL IMPLEMENTATION CASE STUDY : GOSOFT (THAILAND) CO.,LTD",งานวิจัย,2557
"THE INTENTION TO USE PERSONAL FINANCIAL PLANNING APPS: THE EFFECTS OF TECHNOLOGY READINESS, TECHNOLOGY ACCEPTANCE FACTORS, AND SOCIAL INFLUENCE",งานวิจัย,2557
THE INFLUENCE OF VALANCE OF ONLINE COMMENT IMPACT TO THE PERCEIVED TRUSTWORTHINESS OF ONLINE REVIEW AND THE PURCHASE INTENTION : THE CASE STUDY OF BRAND TRUST AND VALANCE OF ONLINE COMMENT MODERATOR,งานวิจัย,2557
THE STUDY OF THE INFLUENTIAL FACTORS OF THE CONSUMERS TOWARDS THE PRODUCTS AND SERVICES ADVERTISED IN LINE OFFICIAL ACCOUNT,งานวิจัย,2557
THE INFLUENCE OF E-WOM AFFECTING THE INTENTION TO WATCH THAI FILMS,งานวิจัย,2557
A STUDY OF BARRIERS TO ACCEPT MOBILE PAYMENT,งานวิจัย,2557
HOW BUSINESS CAN RESPOND AND REACT TO AN UNEXPECTED ONLINE DRAMA: A CASE OF THAI BUSINESSES AND THEIR ONLINE STRATEGIES,งานวิจัย,2557
"FACTORS EFFECTING REAL ESTATE RESIDENTS’ HOME SERVICE A CASE STUDY OF SANSIRI PUBLIC COMPANY, LTD.",งานวิจัย,2557
E-WASTE MANAGEMENT IN BANGKOK: THE GOVERNMENT AND CITIZEN ASPECTS,งานวิจัย,2557
FACTORS AFFECTING THE BEHAVIORAL INTENTION TO USE ECO-FRIENDLY IT CASE STUDY OF RAJABHAT UNIVERSITY MEMBER PERSPECTIVE IN BANGKOK METROPOLITAN AREA,งานวิจัย,2557
SOCIAL MEDIA USE IN THAI SMEs: A FOCUS ON ENHANCING CUSTOMER RELATIONSHIPS,งานวิจัย,2557
THE FACTORS INFLUENCING CONSUMER BEHAVIOR OF LOCATION-BASED DATA LOCATION-BASED SERVICE APPLICATIONS,งานวิจัย,2557
THE CRITICAL SUCCESS FACTORS FOR ERP (ENTERPRISE RESOURCE PLANNING) FREELANCE SERVICES IN THE ORGANIZATION,งานวิจัย,2557
การศึกษาปัจจัยที่มีอิทธิพลต่อความอยู่ดีมีสุข ด้านความสัมพันธ์กับ,งานวิจัย,2557
FACTORS AFFECTING POSITIVE ATTITUDES AND PURCHASE INTENTION TOWARDS TRANSGENDER PRODUCTS VIA FACEBOOK SOCIAL NETWORK WEBSITE : CASE STUDY WWW.FACEBOOK.COM/TOODSDIARY,งานวิจัย,2557
FACTORS AFFECTING DECISION MAKING ON ON-LINE TICKET PURCHASING VIA THE THAIAIRWAYS WEBSITE,งานวิจัย,2557
ARGUMENT QUALITY ON WEBBOARD AND THE CREDIBILITY OF ITS SOURCE EFFECT ON CUSTOMER’ S CHOICES OF PRODUCTS AND SERVICES,งานวิจัย,2557
ปัจจัยที่มีผลต่อการเลือกใช้บัตรเอทีเอ็ม สมาร์ทการ์ด ธนาคารกรุงเทพ,งานวิจัย,2557
CONSUMERS’ AWARENESS ON HEALTH INFORMATION-SEEKING BEHAVIOR IN THAILAND: A HEALTH CONSUMER PERSPECTIVE,งานวิจัย,2557
INFORMATION SECURITY POLICY COMPLIANCE : AN EMPIRICAL STUDY OF INFORMATION SECURITY AWARENESS ON SMARTPHONE DEVICES,งานวิจัย,2557
THE CUSTOMER REPRESENTATIVE’S KEY COMPETENCIES FOR AGILE USER REQUIREMENTS MANAGEMENT RESPONSIBILITY,งานวิจัย,2557
SURVEY OF THE MATURITY LEVELS OF IT GOVERNANCE,งานวิจัย,2557
SUCCESSFUL FACTORS OF USING TAXI BOOKING APPLICATION OF STAKEHOLDERS IN BANGKOK: CASE STUDY GRABTAXI,งานวิจัย,2557
FACTORS AND EFFECTS OF SMARTPHONE ADDICTION TO JOB PERFORMANCE NOMOPHOBIA AND CONFLICT WITH OTHERS,งานวิจัย,2557
FACTORS AND EFFECTS OF SMARTPHONE ADDICTION TO JOB PERFORMANCE NOMOPHOBIA AND CONFLICT WITH OTHERS,งานวิจัย,2557
CELEBRITIES’S ONLINE IN SOCIAL MEDIA INFLUENCE PURCHASE INTENTION ,งานวิจัย,2557
THE WEBSITE ELEMENTS THAT INFLUENCE CUSTOMER FOR SATISFACTION AND LOYALTY ON THE B2C E-COMMERCE WEBSITES IN THAILAND,งานวิจัย,2557
AN ANALYSIS OF FACTOR AFFECTING INDIVIDUAL’S INTENTION TO REPURCHASE FROM ONLINE STORE IN SERVICES PRESPECTIVE,งานวิจัย,2557
FACTORS AFFECTING THE ACCEPTANCE AND INTENTION OF VIRTUAL OFFICE SYSTEMS ADOPTION IN ORGANIZATION,งานวิจัย,2557
FACTORS INFLUENCING THE ADOPTION OF APPLICATION BUSINESS INTELLIGENCE COLLABORATION,งานวิจัย,2557
IMPACT OF PEOPLE’S PRIVACY CONCERNS ON BEHAVIORAL INTENTION IN GOOGLE STREET VIEW,งานวิจัย,2557
A STUDY OF INTENTION TO REPURCHASE ITEMS IN MASSIVE MULTIPLAYER ONLINE ROLE-PLAYING GAME,งานวิจัย,2557
THE INFLUENCE OF THE DIFFERENCES IN INFORMATION TECHNOLOGY OCCUPATIONAL CULTURE BETWEEN TECHNICAL PERSONNEL AND USER INTERACTION PERSONNEL ON SOFTWARE DEVELOPMENT TEAM’S PERFORMANCE,งานวิจัย,2557
TECHNOLOGY ACCEPTANCE TOWARDS E-COURT INITIATIVE FOR JUDGES IN THAI COURT OF JUSTICE,งานวิจัย,2557
ANTECEDENTS AND CONSEQUENCES OF E-COLLABORATION USE IN ACADEMIC INSTITUTIONS ,งานวิจัย,2557
FACTORS AFFECTING THE SECURITY LEVEL OF INFORMATION SYSTEM IN ORGANIZATION,งานวิจัย,2557
ระบบสารสนเทศ เพื่อการบริหารจัดการข้อมูลลายมือชื่อ ,งานพัฒนา/จัดหาระบบสารสนเทศ,2557
SEARCH RESTAURANT SYSTEM ON MOBILE PHONE,งานพัฒนา/จัดหาระบบสารสนเทศ,2557
แผนกลยุทธ์ระบบสารสนเทศ กรณีศึกษา กรมวิทยาศาสตร์บริการ,งานแผนกลยุทธ์ดิจิทัล,2557
"STRATEGIC INFORMATION SYSTEMS PLANNING: A CASE STUDY FROM ZL CO., LTD",งานแผนกลยุทธ์ดิจิทัล,2557
IT MASTER PLAN IN CASE OF METROPOLITAN WATERWORKS AUTHORITY,งานแผนกลยุทธ์ดิจิทัล,2557
INFORMATION STRATEGY PLAN THAI AIRASIA,งานแผนกลยุทธ์ดิจิทัล,2557
STRATEGIC INFORMATION SYSTEMS PLANNING IN CASE STUDY OF TRIAM BUNDIT ENGLISH LANGUAGE AND TUTORING SCHOOL,งานแผนกลยุทธ์ดิจิทัล,2557
"INFORMATION STRATEGY PLAN, BUREAU OF EPIDEMIOLOGY",งานแผนกลยุทธ์ดิจิทัล,2557
IT MASTER PLAN IN CASE OF AERONAUTICAL RADIO OF THAILAND,งานแผนกลยุทธ์ดิจิทัล,2557
IT MASTER PLAN IN CASE OF THE DEVES INSURANCE PUBLIC COMPANY,งานแผนกลยุทธ์ดิจิทัล,2557
FACTORS AFFECTING COMPUTER CRIME PROTECTION BEHAVIOR,วิทยานิพนธ์,2558
INFLUENCES OF eWORD OF MOUTH IN E-COMMERCE ON CONSUMERS’ PURCHASE INTENTIONS,วิทยานิพนธ์,2558
FACTORS AFFECTING IT GOVERNANCE INITIATIVES OF THAI LISTED COMPANIES,วิทยานิพนธ์,2558
THE MODEL OF LOYALTY IN MOBILE SHOPPING APPLICATION: AN INTEGRATION OF EMOTION AND MOBILE SHOPPING APPLICATION DESIGN,วิทยานิพนธ์,2558
USERS’ POST-ADOPTION BEHAVIORS OF CLOUD STORAGE SERVICES,วิทยานิพนธ์,2558
HEALTHCARE INFORMATION SHARING THROUGH SOCIAL NETWORKS,งานวิจัย,2558
PERCEPTION OF BRAND EQUITY USER VIA LINE SPONSORED STICKER,งานวิจัย,2558
FACTORS INFLUENCING INTENTION TO USE PUBLIC UTILITY MOBILE APPLICATION,งานวิจัย,2558
ANTECEDENTS AND CONSEQUENCES OF ATTITUDE TOWARD LOCATION-BASED ADVERTISEMENTS,งานวิจัย,2558
FACTORS DRIVING PERSONAL INFORMATION DISCLOSURE: CASE STUDY OF USERS SIGNING ON USING FACEBOOK LOGIN,งานวิจัย,2558
JOB PERFORMANCE BY USING CIS WEB APPLICATION: A CASE STUDY OF METROPOLITAN WATERWORKS AUTHORITY,งานวิจัย,2558
"IMPACT OF WEBSITE CHARACTERISTIC, ONLINE TRUST, E-LOYALTY, E-SATISFACTION AND BRAND IMAGE TO ONLINE HOTEL BOOKING INTENTIONS",งานวิจัย,2558
THE HABIT FORMATION TO SUPPORT USING THE LINE APPLICATION CONTINUOUSLY,งานวิจัย,2558
STUDY OF FACTORS AFFECTING CONTINUANCE USAGE INTENTION OF M-BANKING: CORPORATE IMAGE AND APPLICATION QUALITY,งานวิจัย,2558
"THE FACTORS INFLUENCING SHARING PERSONAL INFORMATION ONLINE, AMONG OLDER FACEBOOK USERS IN THE BANGKOK METROPOLITAN AREA",งานวิจัย,2558
THE INFLUENCE OF LINE STICKERS ON PURCHASE INTENT IN THAILAND,งานวิจัย,2558
FACTORS AFFECTING ONLINE DATABASE SELECTION BY THAMMASAT UNIVERSITY GRADUATE STUDENTS,งานวิจัย,2558
CREATORS AND INHIBITORS OF USER JOB PERFORMANCE WITH USING ERP SYSTEM (ENTERPRISE RESOURCE PLANNING),งานวิจัย,2558
CASE STUDY: THE AFFECT OF FACEBOOK FANPAGE COMMUNICATION USING BEAUTY BLOGER (NET IDOL) TOWARD ONLINE PURCHASING INTENTION IN COSMETIC PRODUCTS,งานวิจัย,2558
FACTORS INFLUENCING BEHAVIORAL INTENTION TO USE QR CODE APPLICATION FOR SHOPPING IN VIRTUAL STORE,งานวิจัย,2558
CROWDSOURCING FOR EVIDENCE GATHERING –A CASE STUDY FROM RATCHAPRASONG BLAST,งานวิจัย,2558
FACTORS INFLUENCING INFORMATION TECHNOLOGY SYSTEM MIGRATION TO CLOUD INFRASTRUCTURE AS A SERVICE,งานวิจัย,2558
BARRIER TO PHYSICIANS’ ADOPTION OF COMPUTERIZED PHYSICIAN ORDER ENTRY,งานวิจัย,2558
THE STUDY OF AN EMPOWERMENT OF A RIDE SHARING APPLICATION FROM THE PERSPECTIVES OF DRIVERS AND PASSENGERS –A CASE STUDY OF AN UBER APPLICATION,งานวิจัย,2558
BARRIERS AND DRIVERS OF NFC MOBILE PAYMENT ADOPTION,งานวิจัย,2558
THE INFLUENCE OF RELATIONSHIP QUALITY ON SATISFACTION AND REPURCHASE INTENTION TO USE IT OUTSOURCING FROM EXISTING PARTNERS,งานวิจัย,2558
THE EFFECT OF WEBSITE BRANDING ON ONLINE PURCHASE INTENTION IN THE CONTEXT OF INFORMATION OVERLOAD IN THAILAND,งานวิจัย,2558
THE INFLUENCE OF ELECTRONIC WORD OF MOUTH (EWOM) AFFECTING THE INTENTION TO BOOK HOTEL,งานวิจัย,2558
FACTORS AFFECTING EMPLOYEE ADOPTION OF COLLABORATION TECHNOLOGY IN THAI ORGANIZATIONS,งานวิจัย,2558
THE CONTENT ANALYSIS OF ONLINE IDENTIFICATION APPEALING TO THE FOLLOWER SHARING ON FACEBOOK FANPAGE,งานวิจัย,2558
FACTORS INFLUENCING INTENT TO CLICK ON GOOGLE SEARCH ENGINE ADVERTISING,งานวิจัย,2558
RENT CAR MANAGEMENT SYSTEM PAGODA LEASING,งานพัฒนา/จัดหาระบบสารสนเทศ,2558
DEVELOPING A SOFTWARE ASSET MANAGEMENT SYSTEM,งานพัฒนา/จัดหาระบบสารสนเทศ,2558
"DEVELOPING A WEBSITE FOR BUYING, SELLING, AND BARTERING SECOND-HAND CHILDREN’S GOODS",งานพัฒนา/จัดหาระบบสารสนเทศ,2558
DEVELOPING AN ARGRICULTURAL PRODUCT ONLINEMARKETPLACE INTHAILAND USINGGEOLOCATION TECHNOLOGY,งานพัฒนา/จัดหาระบบสารสนเทศ,2558
ENTERPRISE CONTENT MANAGEMENT,งานพัฒนา/จัดหาระบบสารสนเทศ,2558
DEVELOPING A WEB APPLICATION AND PACKAGE INSTALLERTO HELP MANAGE DATA IN REDIS,งานพัฒนา/จัดหาระบบสารสนเทศ,2558
DEVELOPING A WEBSITE WASHINGTON GOLD SELLER,งานพัฒนา/จัดหาระบบสารสนเทศ,2558
AN INFORMATION TECHNOLOGYMASTERPLANFOR THETRUE CORPORATIONPUBLIC COMPANY LIMITEDDIGITAL PLATFORM DEPARTMENT,งานแผนกลยุทธ์ดิจิทัล,2558
"AN IT MASTER PLAN FOR PTT PUBLIC COMPANY LIMITED, THAILAND",งานแผนกลยุทธ์ดิจิทัล,2558
STRATEGIC PLANNING FOR COMPETITIVE ADVANTAGE IN LINGERIE INDUSTRY A CASE STUDY FROM I.C.C. INTERNATIONAL PLC.,งานแผนกลยุทธ์ดิจิทัล,2558
"INFORMATION STRATEGY PLAN, JEWELRY & SERVICE Co.,Ltd.",งานแผนกลยุทธ์ดิจิทัล,2558
FACTORS AFFECTING THE DECISION TO CHOOSE HOW TO IMPLEMENT THE ENTERPRISE RESOURCE PLANNING SYSTEM: THE CASE STUDY OF THAILAND ORGANIZATIONS,วิทยานิพนธ์,2559
USING SOCIAL MEDIA TO MODIFY SMOKING BEHAVIOR: STUDY APPLICATION LINE,วิทยานิพนธ์,2559
FACTORS THAT LEAD CIO TOWARD INDIVIDUAL’S EFFECTIVENESS IN THE GOVERNMENT SECTORS,วิทยานิพนธ์,2559
FACTORS AFFECTING THE VALUE CREATION TO ORGANIZATION IN INFORMATION TECHNOLOGY AUDIT FROM COBIT FRAMEWORK,วิทยานิพนธ์,2559
THE MODEL OF INTENTION TO BUY AND THE ROLE OF HABIT AS MODERATOR IN SOCIAL COMMERCE,วิทยานิพนธ์,2559
FACTORS AFFECTING THE EFFECTIVENESS OF INTERNAL AUDIT: VIEW OF INTERNAL AUDITOR,งานวิจัย,2559
THE INTENTION OF SOFTWARE DEVELOPERS TO BE STARTUP ENTREPRENEURS,งานวิจัย,2559
FACTORS AFFECTING THE EMPLOYEES’ BEHAVIOR TOWARDS INFORMATION SECURITY POLICY COMPLIANCE,งานวิจัย,2559
AN EMPIRICAL STUDY OF FACTORS INFLUENCING ADOPTION OF ELDER CARE APP ON WEARABLE DEVICE,งานวิจัย,2559
FACTORS AFFECTING THE INTENTION TO USE KNOWLEDGE MANAGEMENT SYSTEM IN THE ORGANIZATIONS,งานวิจัย,2559
FACTOR INFLUENCING THE ADOPTION AND USE OF PROMPTPAY SERVICE,งานวิจัย,2559
FACTORS INFLUENCING THE INTENTION TO USE AUTOMATED SOFTWARE TESTING TOOLS,งานวิจัย,2559
FACTORS AFFECTING THE ADOPTION OF ELECTRONIC TOLL COLLECION SYSTEM,งานวิจัย,2559
FACTORS AFFECTING CONSUMER’S BRAND LOYALTY OF ONLINE AUCTION WEBSITE,งานวิจัย,2559
USING ONLINE VIDEO TO CREATE WILLINGNESS TO VISIT MUSEUMS IN BANGKOK,งานวิจัย,2559
CONFIDENCE PROMOTING FOR CONTINUING TO MAKE ELECTRONIC WALLET TRANSACTIONS,งานวิจัย,2559
THE INTENTION TO USE PROMPT PAY SERVICES,งานวิจัย,2559
FACTORS INFLUENCING THE ADOPTION OF FINANCIAL TECHNOLOGY FOR INVESTMENT & WEALTH MANAGEMENT OF RETAIL INVESTMENT,งานวิจัย,2559
FACTORS INFLUENCING THE INTENTION TO CHOOSE HOTELS IN THAILAND VIA ONLINE HOTEL BOOKING SERVICE PROVIDERS,งานวิจัย,2559
THE IMPLEMENTATION OF BRING YOUR OWN DEVICE (BYOD) A CASE STUDY OF MULTINATIONAL COMPANY,งานวิจัย,2559
FACTORS INFLUENCING INTENTION TO USE WEARABLE DEVICE FOR SELF-PROTECTION OF HEALTH RISK,งานวิจัย,2559
FACEBOOK LIVE ACCEPTANCE AS AN ADVERTISEMENT FOR CONSUMER,งานวิจัย,2559
THREAT AVOIDANCE BEHAVIOR OF PRIVACY ON WEARABLE TECHNOLOGY,งานวิจัย,2559
FACTORS AFFECTING THE BEHAVIORAL INTENTION TO USE THE CONCEPT OF DEVOPS SOFTWARE DEVELOPMENT,งานวิจัย,2559
WEB APPLICATION MANAGEMENT FOR SEREEPHAN NAKORNPATHOM,งานพัฒนา/จัดหาระบบสารสนเทศ,2559
DEVELOPING A WEBSITE FOR BUILDERS,งานพัฒนา/จัดหาระบบสารสนเทศ,2559
DEVELOPING DORM MANAGEMENT SYSTEM SOFTWARE,งานพัฒนา/จัดหาระบบสารสนเทศ,2559
DEVELOPING A SOFTWARE READ REVIEW BEFORE BUY SYSTEM,งานพัฒนา/จัดหาระบบสารสนเทศ,2559
DEVELOPING A PRODUCTION QUALITY MONITORING SYSTEM,งานพัฒนา/จัดหาระบบสารสนเทศ,2559
"STRATEGIC INFORMATION SYSTEM PLAN, FACULTY OF MEDICINE",งานแผนกลยุทธ์ดิจิทัล,2560
"STRATEGIC INFORMATION SYSTEM PLAN I.C. MANUFACTURING CO., LTD.",งานแผนกลยุทธ์ดิจิทัล,2560
"STRATEGIC INFORMATION SYSTEM PLAN, CONSUMER GOODS AND SERVICE GROUPS",งานแผนกลยุทธ์ดิจิทัล,2560
"STRATEGIC INFORMATION SYSTEM PLAN, THAI EDUCATION Co., Ltd.",งานแผนกลยุทธ์ดิจิทัล,2560
A Study on Factors Influencing The Intention to Create New Knowledge into Knowledge Management System of The Organization,วิทยานิพนธ์,2560
Influencing of Facebook Marketing Using Gamification on Customers’ Intention to Purchase,วิทยานิพนธ์,2560
The Model of Intention to Use B2B M-Commerce for Traditional Trade in Thailand,วิทยานิพนธ์,2560
The Acceptance of the Application of Blockchain Technology in the Supply Chain Process of the Thai Automotive Industry,วิทยานิพนธ์,2560
Blockchain Technology Acceptance in Electronic Medical Record System,วิทยานิพนธ์,2560
FACTORS AFFECTING INTENTION TO REUSE THE M-COMMERCE RETAIL MOBILE APPLICATION IN THAILAND,งานวิจัย,2560
HOW TECHNOLOGY COMPETENCY AND KNOWLEDGE AND EXPERTISE ACCUMULATION OF INFORMATION TECHNOLOGY PERSONNEL INFLUENCES INNOVATION TECHNOLOGY,งานวิจัย,2560
COMPARING CUSTOMER LOYALTY TO BANK AND NON-BANK ONLINE BILL PAYMENT SYSTEMS,งานวิจัย,2560
FACTORS INFLUENCING INTENTION TO BOOK ACCOMMODATIONS ON AIRBNB,งานวิจัย,2560
การโฆษณาสินค้าผ่านเครือข่ายสังคมออนไลน์ที่มีผลต่อความตั้งใจซื้อสินค้า กรณีศึกษา ร้าน ฟาร์ม ดีไซน์ ไทยแลนด์,งานวิจัย,2560
FACTORS INFLUENCING PURCHASE INTENTION THROUGH RETARGETING ADVERTISING AND REMARKETING VIA E-MAIL ADVERTISING,งานวิจัย,2560
FACTORS AFFECTING INTENTION TO USE PAYMENT SERVICES: MOBILE BANKING VS MOBILE PAYMENT SYSTEM,งานวิจัย,2560
FACTORS INFLUENCING INTENTION IN PURCHASING CHAPTERS OF ONLINE LITERATURE: A CASE STUDY IN THAILAND,งานวิจัย,2560
FACTORS INFLUENCING THE CONTINUANCE INTENTION TO USE SOCIAL NETWORK SITES: A CASE STUDY OF PANTIP.COM,งานวิจัย,2560
FACTORS INFLUENCING INTENTION TO USE VIRTUAL PERSONAL ASSISTANT: CASE STUDY APPLICATION SIRI AND GOOGLE ASSISTANT,งานวิจัย,2560
FACTORS AFFECTING CONSUMER INTENT TO USE THE INTERNET OF THINGS ON WEARABLE DEVICES IN THAILAND,งานวิจัย,2560
CHARACTERISTICS OF ADVERTISING PHOTOGRAPH ON CUSTOMER’S ATTITUDE TOWARD THE PHOTOGRAPH ON INSTAGRAM CASE STUDY: NON-BRAND NAME FASHION BAG,งานวิจัย,2560
E-SERVICE QUALITY FOR ENHANCING USER SATISFACTION: THE CASE OF MOBILE WALLET APPLICATION,งานวิจัย,2560
FACTORS INFLUENCING THE DECISION TO REPURCHASE ONLINE PERSONAL TRAINER: CASE STUDY FACEBOOK,งานวิจัย,2560
TAX PLANNING AND ADVICE APPLICATION ON MOBILE,งานพัฒนา/จัดหาระบบสารสนเทศ,2560
DEVELOPING A SOFTWARE IT ASSET MANAGEMENT SYSTEM,งานพัฒนา/จัดหาระบบสารสนเทศ,2560
SERVER INFORMATION MANAGEMENT SYSTEM,งานพัฒนา/จัดหาระบบสารสนเทศ,2560
WARRANTY MANAGEMENT SYSTEM ON MOBILE,งานพัฒนา/จัดหาระบบสารสนเทศ,2560
"STRATEGIC INFORMATION SYSTEM PLAN, A DIGITAL MARKETING COMPANY",งานแผนกลยุทธ์ดิจิทัล,2560
LOYALTY CREATION FOR MOBILE BANKING USERS,วิทยานิพนธ์,2561
AN IN-DEPTH LOOK AT THE SOCIAL ENGINEERING ATTACKS OF GENERATION Y IN BANGKOK AND METROPOLITAN,วิทยานิพนธ์,2561
THE FACTORS WHICH INFLUENCE TOURISTS TO ADOPT THE TOURISM AUTHORITY OF THAILAND WEBSITE,วิทยานิพนธ์,2561
THE FACTORS INFLUENCING THE USE BEHAVIOR OF SELF SERVICE CHECK-IN A CASE STUDY OF SUVARNABHUMI INTERNATIONAL AIRPORT,วิทยานิพนธ์,2561
CONSUMER SATISFACTION AND REPURCHASE INTENTION FROM CROSS-BORDER E-COMMERCE: A TRUST-RISK-BASED STUDY,วิทยานิพนธ์,2561
INTEGRATE DATA FOR OPERRATIONS MANAGEMENT THROUGH KNOWLEDGE MANAGEMENT THAT AFFECTS OPERATIONAL PERFORMANCE CASE STUDY OF SMALL AND MEDIUM ENTERPRISES IN THAILAND,วิทยานิพนธ์,2561
FACTORS INFLUENCING INTENTION TO CONTINUED USE CROWDLEARNING ON SOCIAL MEDIA,งานวิจัย,2561
FACTORS AFFECTING INTENTION TO APPLY BLOCKCHAIN TECHNOLOGY TO MANAGE ASSETS IN THE GOVERNMENT SECTOR IN THAILAND,งานวิจัย,2561
FACTORS INFLUENCING PEOPLE TO BELIEVE OR SHARE FAKE NEWS ON SOCIAL MEDIA,งานวิจัย,2561
FACTORS AFFECTING DECISION TO BLOCK DIGITAL ADVERTISING BY USING AD BLOCKING IN THAILAND: CASE STUDY OF YOUTUBE,งานวิจัย,2561
INTENTION TO USE QR CODE PAYMENT FOR TRAVELING IN THAILAND,งานวิจัย,2561
FACTORS INFLUENCING INTENTION TO ADOPT ESPORTS,งานวิจัย,2561
FACTORS INFLUENCING INTENTION TO PAY USING QR CODE VIA MOBILE BANKING AND MOBILE PAYMENT: THE CASE OF BANGKOK METROPOLITAN AREA,งานวิจัย,2561
INTENTION TO ADOPTION CARDLESS ATM IN THAILAND,งานวิจัย,2561
FACTORS AFFECTING INTENTION TO USE TRANSPORTATION SERVICES APPLICATION: THE CASE OF BANGKOK METROPOLITAN AREA,งานวิจัย,2561
FACTORS AFFECTING INTENTION TO ADOPT SMART HOMES: THE CASE OF BANGKOK METROPOLITAN AREA,งานวิจัย,2561
THE STUDY OF BEHAVIOR AND REASONS TO CONTINUE USING A NON-BANK MOBILE PAYMENT APPLICATION,งานวิจัย,2561
IMPRESSIVE HOME OF MERCY APPLICATION,งานพัฒนา/จัดหาระบบสารสนเทศ,2561
"STRATEGIC INFORMATION SYSTEM PLAN, THAMMASAT UNIVERSITY HOSPITAL",งานแผนกลยุทธ์ดิจิทัล,2561
STUDY OF GAMIFICATION COMPONENTS IN THE WORKPLACE,งานแผนกลยุทธ์ดิจิทัล,2561
การศึกษาสาเหตุและผลกระทบเชิงลึกของการตกเป็นเหยื่อ การกลั่นแกล้งทางไซเบอร์ในที่ทำงาน,วิทยานิพนธ์,2562
อิทธิพลของปัจจัยที่มีผลต่อความปรารถนาและความตั้งใจมีส่วนร่วมในการตลาดแบบบอกต่อผ่านอุปกรณ์เคลื่อนที่ ของเจเนอเรชันวายและเจเนอเรชันแซด,วิทยานิพนธ์,2562
FACTORS AFFECTING CONSUMER TRUST TO USE RESULT FROM RECOMMENDATION SYSTEM,งานวิจัย,2562
ADAPTATION OF ONLINE SELLERS TO E-MARKETPLACE DYNAMICS: CASE STUDIES OF HOTELS IN THAILAND,งานวิจัย,2562
FACTORS INFLUENCING OF CONTINUANCE INTENTION TO USE CLOUD CRM,งานวิจัย,2562
SPILLOVER EFFECTS OF DIGITAL IDENTITY FOR PROFESSIONAL IDENTITY IN DIGITAL ECONOMY ERA THE CASE OF GENERATION Y IN PHYSICIAN AND NURSE IN BANGKOK,งานวิจัย,2562
TYPE OF FACEBOOK ADVERTISING AFFECTING TO PURCHASE INTENTION OF CUSTOMERS IN BANGKOK,งานวิจัย,2562
FACTORS INFLUENCING INTENTION TO PURCHASE SMARTWATCH FOR ELDERLY CARE,งานวิจัย,2562
FACTORS AFFECTING INTENTION TO PURCHASE TRAVEL AND MOTOR INSURANCE THROUGH INSURANCE INTERMEDIARY’S WEBSITE,งานวิจัย,2562
GAMIFICATION IN THAI VOCATIONAL E-LEARNING ACCEPTANCE,งานวิจัย,2562
FACTORS AFFECTING THE INTENTION TO USE INTERNET OF THINGS FOR REMOTE MONITORING TO PREDICTIVE MAINTENANCE OF MACHINES IN MANUFACTURING INDUSTRY,งานวิจัย,2562
THE INFLUENCE ON INTENTION TO USE FINANCIAL ASSISTANCE SERVICES VIA CHATBOT,งานวิจัย,2562
INTENTION TO USE FINANCIAL APPLICATION USING ELECTRONIC KNOW YOUR CUSTOMER TO AUTHENTICATION,งานวิจัย,2562
USING DATA MINING FOR BLACK DIETARY SUPPLEMENTS TO DETERMINE GUIDELINES FOR INCREASING THE MARKET SHARE OF PHARMACY CHAIN AA BY STUDYING THE BEHAVIOR OF CONSUMERS WHO BUY COMPETING PRODUCTS OF RAPIDMINER,งานวิจัย,2562
FINDING ASSOCIATION RULE FROM THE DATABASE OF PURCHASING MYHEALTH SUPPLEMENTS TO CUSTOMERS USING THE FP-GROWTH ALGORITHM AND CUSTOMER SEGMENTATION ACCORDING TO PURCHASING BEHAVIOR OF MYHEALTH PRODUCTS WITH RFM TECHNIQUES OF RAPIDMINER: A CASE STUDIES OF A CHAIN OF PHARMACIES,งานวิจัย,2562
OLDER ADULTS’ ADOPTION OF MOBILE BANKING,งานวิจัย,2562
PEER TO PEER LENDING ACCEPTANCE IN A LENDER’S PERSPECTIVE,งานวิจัย,2562
FACTORS AFFECTING INTENTION TO ADOPT AN AUTONOMOUS CAR,งานวิจัย,2562
INFLUENCES OF USER-GENERATED CONTENT ON CONSUMER’S PURCHASE INTENTIONS IN SOCIAL COMMERCE,งานวิจัย,2562
ATTITUDES TOWARDS THE FACEBOOK’S LIBRA CRYPTOCURRENCY,งานวิจัย,2562
INTENTION TO USE MOBILE PAYMENT SYSTEMS OF SMALL BUSINESS,งานวิจัย,2562
FACTORS AFFECTING TAXI DRIVER’S INTENTION TO REPETITIVELY USE LINE MAN TAXI APPLICATION FOR PICKING UP PASSENGERS: THE CASE OF BANGKOK METROPOLITAN AREA,งานวิจัย,2562
BEHAVIORAL INTENTION TO USE THE LINE,งานวิจัย,2562
"THE EFFECT OF ELECTRONIC WORD OF MOUTH ON BRAND ATTITUDE, PERCEIVED CONSUMPTION VALUE AND PURCHASE DECISION OF SMARTPHONE",งานวิจัย,2562
EMPOWERING FARMERS WITH SMART FARMING TECHNOLOGY THE CASE OF DAIRY FARM BUSINESS IN THAILAND,งานวิจัย,2562
EFFECT OF SOCIAL MEDIA USE AT WORK ON CUSTOMER RELATIONSHIP MANAGEMENT PERFORMANCE,งานวิจัย,2562
THE STUDY TO COMPARE THE CONTINUOUS USAGE BETWEEN INTERNET BANKINGAND MOBILE BANKING OF COMMERCIAL BANK,งานวิจัย,2562
APPLICATION SOFTWARE IMPLEMANTATION WITHIN WHOLESALE GOLD STORE,งานพัฒนา/จัดหาระบบสารสนเทศ,2562
แพลตฟอร์มระบบสั่งซื้อบรรจุภัณฑ์ออนไลน์,งานพัฒนา/จัดหาระบบสารสนเทศ,2562
TEXTILE INTERNAL SYSTEM FOR MANAGING INFORMATION,งานพัฒนา/จัดหาระบบสารสนเทศ,2562
การจัดหาซอฟแวร์สำหรับการซื้อขายและควบคุมสต๊อกของร้านอะไหล่มอเตอร์ไซค์,งานพัฒนา/จัดหาระบบสารสนเทศ,2562
แผนพัฒนากลยุทธ์ระบบสารสนเทศ สำหรับธุรกิจสินเชื่อ บริษัท เงินติดล้อ จำกัด,งานแผนกลยุทธ์ดิจิทัล,2562
แผนพัฒนากลยุทธ์ระบบสารสนเทศ สำนักงานจัดหารายได้ สภากาชาดไทย,งานแผนกลยุทธ์ดิจิทัล,2562
"INFORMATION STRATEGY PLAN, DATACOM OF CAT TELECOM PUBLIC COMPANY LIMITED",งานแผนกลยุทธ์ดิจิทัล,2562
"INFORMATION STRATEGY PLAN, CUSTOMER SERVICE CENTER BY TELEPHONE OF THAI CONTACT CENTER",งานแผนกลยุทธ์ดิจิทัล,2562
THE IMPACT OF INFORMATION SYSTEM ON USER EFFECTIVENESS: A CASE STUDY OF USING TRANSACTION CONTROL LOG AND ACCOUNTING SYSTEM FOR REVENUE DEPARTMENT ORGANIZATION OFFICIALS,วิทยานิพนธ์,2563
FACTORS THAT INFLUENCE COLLEGE ONLINE MARKETING GROUP MEMBERS’ INTENTION TO PURCHASE AND CONTINUANCE TO USE THE MARKETS IN WEBSITE FACEBOOK,วิทยานิพนธ์,2563
FACTORS INFLUENCING EXERCISE MONITORING APPLICATION USE AND EFFECT RESULT,งานวิจัย,2563
A K-MEANS CLUSTER ANALYSIS OF BANK BRANCHES TO ANALYZE THE IMPACTS ON SOCIETY AND EQUALITY OF FINANCIAL ACCESS,งานวิจัย,2563
CONSUMER INTENTION TO PURCHASE ABOUT MUSIC STREAMING IN THAILAND,งานวิจัย,2563
INTENTION TO USE SOCIAL BANKING OF THAI COMMERCIAL BANK’S CONSUMER,งานวิจัย,2563
FACTORS INFLUENCING INTENTION TO USE OF NUTRITION-FOR-HEALTH APPLICATIONS,งานวิจัย,2563
CONTINUANCE USAGE INTENTION OF E-WALLET,งานวิจัย,2563
FACTORS INFLUENCING INTENTION TO DONATE MONEY TO GAME STREAMER IN THAILAND,งานวิจัย,2563
FACTORS INFLUENCING INTENTION TO DONATE THOUGH CROWDFUNDING PLATFORMS IN THAILAND,งานวิจัย,2563
INTENTIONS TO PURCHASE ON LINE SHOPPING PLATFORM,งานวิจัย,2563
INTENTION TO REUSE THE SYSTEM OF SUBMITTING PLEADINGS AND DOCUMENTS BY ELECTORNIC FILING AT THE COURT OF JUSTIC,งานวิจัย,2563
FACTORS AFFECTING INTENTION TO USE THE PEER TO PEER LENDING PLATFORM IN THE BORROWER’S PERSPECTIVE,งานวิจัย,2563
INFLUENCING FACTORS AND INTENTION TO SEEK AND SHARE HEALTH INFORMATION VIA SOCIAL MEDIA FACEBOOK DURING PANDEMIC,งานวิจัย,2563
FACTOR AFFECTING USER SATISFACTION ON EMPLOYEE SELF SERVICE SYSTEM (ESS) OF AIRPORT OF THAILAND PUBLIC COMPANY LIMITED,งานวิจัย,2563
BEHAVIORAL STUDY OF MOTIVATIONAL COMMUNICATION FOR PROFESSIONAL SELF-DEVELOPMENT OF ONLINE LIFE COACHES,งานวิจัย,2563
INTENTION TO INVEST IN STARTUPS THROUGH THE STOCK EXCHANGE OF THAILAND,งานวิจัย,2563
THE COMPARATIVE STUDY OF LINE MAN AND GRAB FOOD DELIVERY APPLICATIONS ACCEPTANCE,งานวิจัย,2563
INTENTION TO USE TELEMEDICINE APPLICATION,งานวิจัย,2563
TRUST AND ACCEPTANCE OF FINANCIAL TRANSACTIONS WITH FACIAL RECOGNITION TECHNOLOGY,งานวิจัย,2563
AN ANALYSIS OF CLASSIFICATION TECHNIQUES A CASE STUDY OF CLASS PREDICTION FOR CONSTRUCTION PROJECTS,งานวิจัย,2563
DEVELOPING A SOFTWARE CONSOLIDATION FINANCIAL SYSTEM,งานพัฒนา/จัดหาระบบสารสนเทศ,2563
MOBILE APPLICATION DEVELOPMENT PROJECT FOR BUSINESS IMPROVEMENT OF THAI-CHINESE HERBAL PHARMACY AND ALTERNATIVE HEALTH CARE SERVICE “NITICHOTE OSOT”,งานพัฒนา/จัดหาระบบสารสนเทศ,2563
FACTORS INFLUENCING CONTINUANCE INTENTION TO USE LEARNING MANAGEMENT SYSTEM ON ONLINE PLATFORM,วิทยานิพนธ์,2564
FACTORS INFLUENCING RESTAURANTS ON SELECTING FOOD DELIVERY APPLICATIONS,วิทยานิพนธ์,2564
A CASE STUDY OF TECHNOLOGY-ENABLED INNOVATIONS TO COMBAT COVID-19 PANDEMIC: A CASE STUDY BETWEEN THAILAND AND TAIWAN,วิทยานิพนธ์,2564
CUSTOMER PURCHASE INTENTION IN VIRTUAL SHOPPING MALL,วิทยานิพนธ์,2564
THE IMPACT OF E-HRM SYSTEM ON EMPLOYEE PERFORMANCE,วิทยานิพนธ์,2564
FACTORS INFLUENCING PURCHASE INTENTION THROUGH VIRTUAL REALITY PLATFORMS,วิทยานิพนธ์,2564
FACTORS INFLUENCING INTENTION TO USE ROBOTIC PROCESS AUTOMATION (RPA) APPLICATION SOFTWARE,งานวิจัย,2564
FACTORS INFLUENCING INTENTION TO ADOPT PLAY-TO-EARN GAMES,งานวิจัย,2564
FACTORS AFFECTING DECISION TO USE TWITCH PLATFORM,งานวิจัย,2564
"ANALYSIS OF BIAS AND BEHAVIOR OF FINANCIAL FRAUD ON ONLINE PLATFORM, CASE STUDY FROM TWITTER PLATFORM",งานวิจัย,2564
FACTOR AFFECTING CONTINUANCE INTENTION TO USE ZOOM APPLICATION FOR ONLINE LEARNING,งานวิจัย,2564
SATISFACTION ON K+MARKET MARKETPLACE ON K PLUS MOBILE BANKING APPLICATION AFFECTING LOYALTY,งานวิจัย,2564
FACTORS INFLUENCING OF INTENTION TO GIVE CONSENT FOR USE PERSONAL INFORMATION TO BUSINESS ON MOBILE APPLICATION,งานวิจัย,2564
SELF-SERVICE TECHNOLOGY QUALITY AND PERCEIVED CLEANLINESS AFFECTING INTENTION TO HOTEL BOOKING: STUDYING DURING CORONAVIRUS 2019 (COVID-19) PANDEMIC SITUATION,งานวิจัย,2564
INTENTION TO USE CHATBOT TECHNOLOGY FOR CUSTOMER RELATIONSHIP MANAGEMENT BY SMALL AND MEDIUM-SIZED ENTERPRISES,งานวิจัย,2564
FACTORS DETERMINING BEHAVIOR IN CONTROL INSTALLATION IN ENTERPRISE RESOURCE PLANNING SYSTEM A CASE STUDIES OF SMALL AND MEDIUM ENTERPRISES,งานวิจัย,2564
TRUST AND INTENTION TO USE ROBO-ADVISOR,งานวิจัย,2564
A STUDY OF PROBLEMS AND BARRIERS IN USING THE TELEMEDICINE APPLICATION AMONG OLDER ADULTS THROUGH USABILITY EVALUATION A CASE STUDY OF RAKSA APPLICATION,งานวิจัย,2564
A CONCEPTUAL FRAMEWORK FOR ANALYZING THE IMPACT OF TECHNOLOGY AND CHANGES IN RIGHTS AND DUTIES,งานวิจัย,2564
A STUDY OF MECHANISMS TO DRIVE USER IN ELECTRONICS COMMERCE USING FOGG BEHAVIOR MODEL AND NUDGEN THEORIES,งานวิจัย,2564
FACTORS INFLUENCING INTENTION TO CREATE AND UPLOAD VIDEO ON THE TIKTOK APPLICATION,งานวิจัย,2564
FACTORS AFFECTING INTENTION TO USE E-GOVERNMENT SERVICE: MEA SMART LIFE APPLICATION,งานวิจัย,2564
FACTORS AFFECTING THE USE OF HEALTH APPLICATION,งานวิจัย,2564
THE EFFECT OF PRIVACY CONCERN OVER INTENTION TO PURCHASE IN SOCIAL COMMERCE,งานวิจัย,2564
FACTORS INFLUENCING INTENTION TO PLAY GAMES WHICH AFFECTS CONSUMPTION THROUGH ELECTRONICS COMMERCE APPS,งานวิจัย,2564
INTENTION TO DONATE MONEY VIA QR CODE ON MOBILE BANKING FOR TAX DEDUCTION BENEFITS OF WORKING CLASS,งานวิจัย,2564
EXTENDED APPLICATION FOR AUTO PARTS RETAILER,งานพัฒนา/จัดหาระบบสารสนเทศ,2564
MOBILE APPLICATION DEVELOPMENT FOR EMPLOYEE TIME MANAGEMENT,งานพัฒนา/จัดหาระบบสารสนเทศ,2564
LOAN APPROVAL SYSTEM USING BLOCKCHAIN TECHNOLOGY,งานพัฒนา/จัดหาระบบสารสนเทศ,2564
"STRATEGIC INFORMATION SYSTEM PLAN, SIRIRAJ HOSPITAL",งานแผนกลยุทธ์ดิจิทัล,2564
"DIGITAL STRATEGY PLAN, THE WISDOM COMPANY LIMITED",งานแผนกลยุทธ์ดิจิทัล,2564
"DIGITAL STRATEGIC PLAN, HOME BANK",งานแผนกลยุทธ์ดิจิทัล,2564
STRATEGIC INFORMATION SYSTEM PLAN OF DOITUNG DELEVOPMENT PROJECT,งานแผนกลยุทธ์ดิจิทัล,2564
